INSERT INTO javathehutt.recipe_allergens (is_vegan, is_vegetarian, chocolate, dairy, eggs, meat_eater, nuts, other, shellfish, strawberries, recipe_id) VALUES (false, false, false, true, true, false, false, '', false, false, 1);
INSERT INTO javathehutt.recipe_allergens (is_vegan, is_vegetarian,   chocolate, dairy, eggs, meat_eater, nuts, other, shellfish, strawberries, recipe_id) VALUES (false, false, false, true, false, false, false, '', false, false, 4);
INSERT INTO javathehutt.recipe_allergens (is_vegan, is_vegetarian,  chocolate, dairy, eggs, meat_eater, nuts, other, shellfish, strawberries, recipe_id) VALUES (false, false, false, false, true, false, false, '', false, false, 10);
INSERT INTO javathehutt.recipe_allergens (is_vegan, is_vegetarian, chocolate, dairy, eggs, meat_eater, nuts, other, shellfish, strawberries, recipe_id) VALUES (false, false, false, true, true, false, false, '', false, false, 13);
INSERT INTO javathehutt.recipe_allergens (is_vegan, is_vegetarian,  chocolate, dairy, eggs, meat_eater, nuts, other, shellfish, strawberries, recipe_id) VALUES (false, false, false, true, true, false, false, '', false, false, 22);
INSERT INTO javathehutt.recipe_allergens (is_vegan, is_vegetarian,  chocolate, dairy, eggs, meat_eater, nuts, other, shellfish, strawberries, recipe_id) VALUES (false, false, false, true, false, false, false, '', false, false, 28);
INSERT INTO javathehutt.recipe_allergens (is_vegan, is_vegetarian,  chocolate, dairy, eggs, meat_eater, nuts, other, shellfish, strawberries, recipe_id) VALUES (false, false, false, true, true, false, true, '', false, false, 33);
INSERT INTO javathehutt.recipe_allergens (is_vegan, is_vegetarian,  chocolate, dairy, eggs, meat_eater, nuts, other, shellfish, strawberries, recipe_id) VALUES (false, false, false, true, true, false, false, '', false, false, 43);
INSERT INTO javathehutt.recipe_allergens (is_vegan, is_vegetarian,   chocolate, dairy, eggs, meat_eater, nuts, other, shellfish, strawberries, recipe_id) VALUES (false, false, false, true, true, false, false, '', false, false, 52);
INSERT INTO javathehutt.recipe_allergens (is_vegan, is_vegetarian, chocolate, dairy, eggs, meat_eater, nuts, other, shellfish, strawberries, recipe_id) VALUES (false, false, false, true, true, false, false, '', false, false, 67);
INSERT INTO javathehutt.recipe_allergens (is_vegan, is_vegetarian,  chocolate, dairy, eggs, meat_eater, nuts, other, shellfish, strawberries, recipe_id) VALUES (false, false, false, true, true, false, false, '', false, false, 76);
INSERT INTO javathehutt.recipe_allergens (is_vegan, is_vegetarian,   chocolate, dairy, eggs, meat_eater, nuts, other, shellfish, strawberries, recipe_id) VALUES (false, false, false, true, true, false, false, '', false, false, 85);
INSERT INTO javathehutt.recipe_allergens (is_vegan, is_vegetarian,  chocolate, dairy, eggs, meat_eater, nuts, other, shellfish, strawberries, recipe_id) VALUES (false, false, false, true, true, false, false, '', false, true, 93);
INSERT INTO javathehutt.recipe_allergens (is_vegan, is_vegetarian,  chocolate, dairy, eggs, meat_eater, nuts, other, shellfish, strawberries, recipe_id) VALUES (false, false, false, true, true, false, false, '', false, false, 103);
INSERT INTO javathehutt.recipe_allergens (is_vegan, is_vegetarian,  chocolate, dairy, eggs, meat_eater, nuts, other, shellfish, strawberries, recipe_id) VALUES (false, false, false, false, true, false, false, '', false, false, 111);
INSERT INTO javathehutt.recipe_allergens (is_vegan, is_vegetarian, chocolate, dairy, eggs, meat_eater, nuts, other, shellfish, strawberries, recipe_id) VALUES (false, false, false, true, false, false, false, '', false, false, 123);
INSERT INTO javathehutt.recipes (recipe_id, description, meal, name, preparation_time) VALUES (1, 'Pyszne śniadanie - płatki z mlekiem', 'BREAKFAST', 'Płatki z mlekiem', 5);
INSERT INTO javathehutt.recipes (recipe_id, description, meal, name, preparation_time) VALUES (4, 'Kanapki z szynką, ogórkiem i pomidorem', 'BREAKFAST', 'Kanapki z szynką, ogórkiem i pomidorem', 10);
INSERT INTO javathehutt.recipes (recipe_id, description, meal, name, preparation_time) VALUES (10, 'Jajka na twardo', 'BREAKFAST', 'Jajka na twardo', 15);
INSERT INTO javathehutt.recipes (recipe_id, description, meal, name, preparation_time) VALUES (13, 'Burger wołowy', 'LUNCH', 'Burger wołowy', 45);
INSERT INTO javathehutt.recipes (recipe_id, description, meal, name, preparation_time) VALUES (22, 'Pyszna klasyczna pizza margharita zielonymi oliwkami i cebulą', 'DINNER', 'Pizza margharita', 120);
INSERT INTO javathehutt.recipes (recipe_id, description, meal, name, preparation_time) VALUES (28, 'Tosty z serem i szynką', 'BREAKFAST', 'Tosty', 5);
INSERT INTO javathehutt.recipes (recipe_id, description, meal, name, preparation_time) VALUES (33, 'Chlebek bananowy to super propozycja dla małych łakomczuchów - jeślid dodasz bardzo dojrzałe banany możesz jeszcze zmniejszyć ilość cukru. ', 'ALL', 'Chlebek bananowy', 60);
INSERT INTO javathehutt.recipes (recipe_id, description, meal, name, preparation_time) VALUES (43, 'Pyszna sałatka na każdą okazję', 'LUNCH', 'Sałatka elektorska', 35);
INSERT INTO javathehutt.recipes (recipe_id, description, meal, name, preparation_time) VALUES (52, 'Paszteciki z kapustą i pieczarkami ', 'LUNCH', 'Paszteciki z kapustą i pieczarkami ', 45);
INSERT INTO javathehutt.recipes (recipe_id, description, meal, name, preparation_time) VALUES (67, 'Muffiny chlebowe ', 'BREAKFAST', 'Muffiny chlebowe ', 45);
INSERT INTO javathehutt.recipes (recipe_id, description, meal, name, preparation_time) VALUES (76, 'Tarta z mozzarellą i pomidorami ', 'DINNER', 'Tarta z mozzarellą i pomidorami ', 25);
INSERT INTO javathehutt.recipes (recipe_id, description, meal, name, preparation_time) VALUES (85, 'Pyszna sałatka ', 'SUPPER', 'Wieniec Cezara', 15);
INSERT INTO javathehutt.recipes (recipe_id, description, meal, name, preparation_time) VALUES (93, 'Domowe ciasto drożdżowe to najlepsze co może być ', 'ALL', 'Domowa drożdżówka ', 45);
INSERT INTO javathehutt.recipes (recipe_id, description, meal, name, preparation_time) VALUES (103, 'Słodkie bułeczki drożdżowe najlepiej smakują ze szklanką mleka. ', 'BREAKFAST', 'Bułeczki drożdżowe ', 50);
INSERT INTO javathehutt.recipes (recipe_id, description, meal, name, preparation_time) VALUES (111, 'Pyszny pasztet z cukinii - zdrowy i łatwy do zrobienia. Super na kanapki.', 'SUPPER', 'Pasztet z cukinii ', 35);
INSERT INTO javathehutt.recipes (recipe_id, description, meal, name, preparation_time) VALUES (123, 'Pyszne, lekko kwaśne, przełamane nutą kawy.. wprost idealne deserki do kawy', 'ALL', 'Deserki tiramisu z malinami ', 30);
INSERT INTO javathehutt.products_recipe (product_id, amount, product_name, unit, recipe_id) VALUES (2, 50, 'płatki', 'MILIGRAM', 1);
INSERT INTO javathehutt.products_recipe (product_id, amount, product_name, unit, recipe_id) VALUES (3, 200, 'mleko', 'MILILITR', 1);
INSERT INTO javathehutt.products_recipe (product_id, amount, product_name, unit, recipe_id) VALUES (5, 2, 'Kromka chleba', 'PIECE', 4);
INSERT INTO javathehutt.products_recipe (product_id, amount, product_name, unit, recipe_id) VALUES (6, 10, 'masło', 'MILIGRAM', 4);
INSERT INTO javathehutt.products_recipe (product_id, amount, product_name, unit, recipe_id) VALUES (7, 2, 'plaster szynki', 'PIECE', 4);
INSERT INTO javathehutt.products_recipe (product_id, amount, product_name, unit, recipe_id) VALUES (8, 6, 'plaster ogórka', 'PIECE', 4);
INSERT INTO javathehutt.products_recipe (product_id, amount, product_name, unit, recipe_id) VALUES (9, 6, 'plaster pomidora', 'MILIGRAM', 4);
INSERT INTO javathehutt.products_recipe (product_id, amount, product_name, unit, recipe_id) VALUES (11, 2, 'Jajka', 'PIECE', 10);
INSERT INTO javathehutt.products_recipe (product_id, amount, product_name, unit, recipe_id) VALUES (12, 10, 'sól', 'MILIGRAM', 10);
INSERT INTO javathehutt.products_recipe (product_id, amount, product_name, unit, recipe_id) VALUES (14, 1, 'Bułka', 'PIECE', 13);
INSERT INTO javathehutt.products_recipe (product_id, amount, product_name, unit, recipe_id) VALUES (15, 100, 'pati (mięso)', 'GRAM', 13);
INSERT INTO javathehutt.products_recipe (product_id, amount, product_name, unit, recipe_id) VALUES (16, 1, 'sałata ', 'PIECE', 13);
INSERT INTO javathehutt.products_recipe (product_id, amount, product_name, unit, recipe_id) VALUES (17, 2, 'plaster pomidora', 'PIECE', 13);
INSERT INTO javathehutt.products_recipe (product_id, amount, product_name, unit, recipe_id) VALUES (18, 2, 'plaster ogórka', 'PIECE', 13);
INSERT INTO javathehutt.products_recipe (product_id, amount, product_name, unit, recipe_id) VALUES (19, 1, 'cebula', 'PIECE', 13);
INSERT INTO javathehutt.products_recipe (product_id, amount, product_name, unit, recipe_id) VALUES (20, 10, 'majonez', 'MILILITR', 13);
INSERT INTO javathehutt.products_recipe (product_id, amount, product_name, unit, recipe_id) VALUES (21, 10, 'ketchup', 'MILILITR', 13);
INSERT INTO javathehutt.products_recipe (product_id, amount, product_name, unit, recipe_id) VALUES (23, 120, 'Ciasto do pizzy', 'GRAM', 22);
INSERT INTO javathehutt.products_recipe (product_id, amount, product_name, unit, recipe_id) VALUES (24, 50, 'przecier pomidorowy', 'MILILITR', 22);
INSERT INTO javathehutt.products_recipe (product_id, amount, product_name, unit, recipe_id) VALUES (25, 30, 'parmezan', 'GRAM', 22);
INSERT INTO javathehutt.products_recipe (product_id, amount, product_name, unit, recipe_id) VALUES (26, 1, 'cebula', 'PIECE', 22);
INSERT INTO javathehutt.products_recipe (product_id, amount, product_name, unit, recipe_id) VALUES (27, 10, 'zielone oliwki', 'PIECE', 22);
INSERT INTO javathehutt.products_recipe (product_id, amount, product_name, unit, recipe_id) VALUES (29, 4, 'Kromka chleba', 'PIECE', 28);
INSERT INTO javathehutt.products_recipe (product_id, amount, product_name, unit, recipe_id) VALUES (30, 10, 'ser', 'GRAM', 28);
INSERT INTO javathehutt.products_recipe (product_id, amount, product_name, unit, recipe_id) VALUES (31, 10, 'szynka', 'GRAM', 28);
INSERT INTO javathehutt.products_recipe (product_id, amount, product_name, unit, recipe_id) VALUES (32, 15, 'ketchup', 'MILIGRAM', 28);
INSERT INTO javathehutt.products_recipe (product_id, amount, product_name, unit, recipe_id) VALUES (34, 4, 'jajko', 'PIECE', 33);
INSERT INTO javathehutt.products_recipe (product_id, amount, product_name, unit, recipe_id) VALUES (35, 200, 'masło', 'GRAM', 33);
INSERT INTO javathehutt.products_recipe (product_id, amount, product_name, unit, recipe_id) VALUES (36, 4, 'banan', 'PIECE', 33);
INSERT INTO javathehutt.products_recipe (product_id, amount, product_name, unit, recipe_id) VALUES (37, 50, 'ksylitol', 'GRAM', 33);
INSERT INTO javathehutt.products_recipe (product_id, amount, product_name, unit, recipe_id) VALUES (38, 400, 'mąka', 'GRAM', 33);
INSERT INTO javathehutt.products_recipe (product_id, amount, product_name, unit, recipe_id) VALUES (39, 30, 'proszek do pieczenia', 'MILIGRAM', 33);
INSERT INTO javathehutt.products_recipe (product_id, amount, product_name, unit, recipe_id) VALUES (40, 10, 'soda oczyszczona', 'MILIGRAM', 33);
INSERT INTO javathehutt.products_recipe (product_id, amount, product_name, unit, recipe_id) VALUES (41, 150, 'orzechy laskowe', 'GRAM', 33);
INSERT INTO javathehutt.products_recipe (product_id, amount, product_name, unit, recipe_id) VALUES (42, 50, 'wiórki kokoksowe', 'GRAM', 33);
INSERT INTO javathehutt.products_recipe (product_id, amount, product_name, unit, recipe_id) VALUES (44, 200, 'szynka', 'GRAM', 43);
INSERT INTO javathehutt.products_recipe (product_id, amount, product_name, unit, recipe_id) VALUES (45, 350, 'kukurydza konserwowa', 'GRAM', 43);
INSERT INTO javathehutt.products_recipe (product_id, amount, product_name, unit, recipe_id) VALUES (46, 5, 'jajko', 'PIECE', 43);
INSERT INTO javathehutt.products_recipe (product_id, amount, product_name, unit, recipe_id) VALUES (47, 300, 'ananas konserwowy', 'GRAM', 43);
INSERT INTO javathehutt.products_recipe (product_id, amount, product_name, unit, recipe_id) VALUES (48, 100, 'śmietana 15%', 'MILILITR', 43);
INSERT INTO javathehutt.products_recipe (product_id, amount, product_name, unit, recipe_id) VALUES (49, 100, 'majonez', 'MILILITR', 43);
INSERT INTO javathehutt.products_recipe (product_id, amount, product_name, unit, recipe_id) VALUES (50, 1, 'czosnek', 'PIECE', 43);
INSERT INTO javathehutt.products_recipe (product_id, amount, product_name, unit, recipe_id) VALUES (51, 50, 'oliwa', 'MILILITR', 43);
INSERT INTO javathehutt.products_recipe (product_id, amount, product_name, unit, recipe_id) VALUES (53, 400, 'mąka pszenna', 'GRAM', 52);
INSERT INTO javathehutt.products_recipe (product_id, amount, product_name, unit, recipe_id) VALUES (54, 30, 'drożdże', 'GRAM', 52);
INSERT INTO javathehutt.products_recipe (product_id, amount, product_name, unit, recipe_id) VALUES (55, 30, 'mleko', 'MILILITR', 52);
INSERT INTO javathehutt.products_recipe (product_id, amount, product_name, unit, recipe_id) VALUES (56, 30, 'cukier', 'GRAM', 52);
INSERT INTO javathehutt.products_recipe (product_id, amount, product_name, unit, recipe_id) VALUES (57, 5, 'jajko', 'PIECE', 52);
INSERT INTO javathehutt.products_recipe (product_id, amount, product_name, unit, recipe_id) VALUES (58, 100, 'śmietana 18%', 'MILILITR', 52);
INSERT INTO javathehutt.products_recipe (product_id, amount, product_name, unit, recipe_id) VALUES (59, 200, 'masło', 'GRAM', 52);
INSERT INTO javathehutt.products_recipe (product_id, amount, product_name, unit, recipe_id) VALUES (60, 10, 'sól', 'MILIGRAM', 52);
INSERT INTO javathehutt.products_recipe (product_id, amount, product_name, unit, recipe_id) VALUES (61, 400, 'kapusta kiszona', 'GRAM', 52);
INSERT INTO javathehutt.products_recipe (product_id, amount, product_name, unit, recipe_id) VALUES (62, 500, 'pieczarki', 'GRAM', 52);
INSERT INTO javathehutt.products_recipe (product_id, amount, product_name, unit, recipe_id) VALUES (63, 1, 'cebula', 'PIECE', 52);
INSERT INTO javathehutt.products_recipe (product_id, amount, product_name, unit, recipe_id) VALUES (64, 2, 'ziele angielskie', 'PIECE', 52);
INSERT INTO javathehutt.products_recipe (product_id, amount, product_name, unit, recipe_id) VALUES (65, 1, 'liść laurowy', 'PIECE', 52);
INSERT INTO javathehutt.products_recipe (product_id, amount, product_name, unit, recipe_id) VALUES (66, 10, 'czarnuszka', 'MILIGRAM', 52);
INSERT INTO javathehutt.products_recipe (product_id, amount, product_name, unit, recipe_id) VALUES (68, 150, 'chleb', 'GRAM', 67);
INSERT INTO javathehutt.products_recipe (product_id, amount, product_name, unit, recipe_id) VALUES (69, 150, 'mleko', 'MILILITR', 67);
INSERT INTO javathehutt.products_recipe (product_id, amount, product_name, unit, recipe_id) VALUES (70, 2, 'jajko', 'MILIGRAM', 67);
INSERT INTO javathehutt.products_recipe (product_id, amount, product_name, unit, recipe_id) VALUES (71, 200, 'ser żółty', 'GRAM', 67);
INSERT INTO javathehutt.products_recipe (product_id, amount, product_name, unit, recipe_id) VALUES (72, 0.5, 'cebula', 'PIECE', 67);
INSERT INTO javathehutt.products_recipe (product_id, amount, product_name, unit, recipe_id) VALUES (73, 1, 'czosnek', 'PIECE', 67);
INSERT INTO javathehutt.products_recipe (product_id, amount, product_name, unit, recipe_id) VALUES (74, 10, 'ostra papryka', 'MILIGRAM', 67);
INSERT INTO javathehutt.products_recipe (product_id, amount, product_name, unit, recipe_id) VALUES (75, 10, 'bazylia', 'MILIGRAM', 67);
INSERT INTO javathehutt.products_recipe (product_id, amount, product_name, unit, recipe_id) VALUES (77, 250, 'mąka pszenna', 'GRAM', 76);
INSERT INTO javathehutt.products_recipe (product_id, amount, product_name, unit, recipe_id) VALUES (78, 170, 'masło', 'GRAM', 76);
INSERT INTO javathehutt.products_recipe (product_id, amount, product_name, unit, recipe_id) VALUES (79, 1, 'jajko', 'PIECE', 76);
INSERT INTO javathehutt.products_recipe (product_id, amount, product_name, unit, recipe_id) VALUES (80, 50, 'śmietana 18%', 'GRAM', 76);
INSERT INTO javathehutt.products_recipe (product_id, amount, product_name, unit, recipe_id) VALUES (81, 3, 'pomidor', 'PIECE', 76);
INSERT INTO javathehutt.products_recipe (product_id, amount, product_name, unit, recipe_id) VALUES (82, 50, 'ser żółty', 'GRAM', 76);
INSERT INTO javathehutt.products_recipe (product_id, amount, product_name, unit, recipe_id) VALUES (83, 1, 'mozzarella', 'PIECE', 76);
INSERT INTO javathehutt.products_recipe (product_id, amount, product_name, unit, recipe_id) VALUES (84, 15, 'kolendra', 'MILIGRAM', 76);
INSERT INTO javathehutt.products_recipe (product_id, amount, product_name, unit, recipe_id) VALUES (86, 4, 'jajko', 'PIECE', 85);
INSERT INTO javathehutt.products_recipe (product_id, amount, product_name, unit, recipe_id) VALUES (87, 250, 'szynka', 'GRAM', 85);
INSERT INTO javathehutt.products_recipe (product_id, amount, product_name, unit, recipe_id) VALUES (88, 8, 'ogórek kiszony', 'PIECE', 85);
INSERT INTO javathehutt.products_recipe (product_id, amount, product_name, unit, recipe_id) VALUES (89, 350, 'kukurydza konserwowa', 'GRAM', 85);
INSERT INTO javathehutt.products_recipe (product_id, amount, product_name, unit, recipe_id) VALUES (90, 50, 'jogurt naturalny', 'MILILITR', 85);
INSERT INTO javathehutt.products_recipe (product_id, amount, product_name, unit, recipe_id) VALUES (91, 30, 'majonez', 'MILILITR', 85);
INSERT INTO javathehutt.products_recipe (product_id, amount, product_name, unit, recipe_id) VALUES (92, 5, 'sól', 'MILIGRAM', 85);
INSERT INTO javathehutt.products_recipe (product_id, amount, product_name, unit, recipe_id) VALUES (94, 20, 'drożdże', 'GRAM', 93);
INSERT INTO javathehutt.products_recipe (product_id, amount, product_name, unit, recipe_id) VALUES (95, 750, 'mąka', 'GRAM', 93);
INSERT INTO javathehutt.products_recipe (product_id, amount, product_name, unit, recipe_id) VALUES (96, 50, 'cukier puder', 'GRAM', 93);
INSERT INTO javathehutt.products_recipe (product_id, amount, product_name, unit, recipe_id) VALUES (97, 300, 'mleko', 'MILILITR', 93);
INSERT INTO javathehutt.products_recipe (product_id, amount, product_name, unit, recipe_id) VALUES (98, 140, 'masło', 'GRAM', 93);
INSERT INTO javathehutt.products_recipe (product_id, amount, product_name, unit, recipe_id) VALUES (99, 3, 'jajko', 'PIECE', 93);
INSERT INTO javathehutt.products_recipe (product_id, amount, product_name, unit, recipe_id) VALUES (100, 30, 'cukier puder', 'GRAM', 93);
INSERT INTO javathehutt.products_recipe (product_id, amount, product_name, unit, recipe_id) VALUES (101, 30, 'cukier wanilinowy', 'GRAM', 93);
INSERT INTO javathehutt.products_recipe (product_id, amount, product_name, unit, recipe_id) VALUES (102, 150, 'truskawki', 'GRAM', 93);
INSERT INTO javathehutt.products_recipe (product_id, amount, product_name, unit, recipe_id) VALUES (104, 1200, 'mąka', 'GRAM', 103);
INSERT INTO javathehutt.products_recipe (product_id, amount, product_name, unit, recipe_id) VALUES (105, 50, 'drożdże', 'GRAM', 103);
INSERT INTO javathehutt.products_recipe (product_id, amount, product_name, unit, recipe_id) VALUES (106, 3, 'jajko', 'PIECE', 103);
INSERT INTO javathehutt.products_recipe (product_id, amount, product_name, unit, recipe_id) VALUES (107, 100, 'cukier puder', 'GRAM', 103);
INSERT INTO javathehutt.products_recipe (product_id, amount, product_name, unit, recipe_id) VALUES (108, 330, 'mleko', 'MILILITR', 103);
INSERT INTO javathehutt.products_recipe (product_id, amount, product_name, unit, recipe_id) VALUES (109, 150, 'masło', 'GRAM', 103);
INSERT INTO javathehutt.products_recipe (product_id, amount, product_name, unit, recipe_id) VALUES (110, 250, 'dżem wiśniowy', 'GRAM', 103);
INSERT INTO javathehutt.products_recipe (product_id, amount, product_name, unit, recipe_id) VALUES (112, 2, 'cukinia', 'KILOGRAM', 111);
INSERT INTO javathehutt.products_recipe (product_id, amount, product_name, unit, recipe_id) VALUES (113, 1, 'cebula', 'PIECE', 111);
INSERT INTO javathehutt.products_recipe (product_id, amount, product_name, unit, recipe_id) VALUES (114, 500, 'marchew', 'GRAM', 111);
INSERT INTO javathehutt.products_recipe (product_id, amount, product_name, unit, recipe_id) VALUES (115, 1, 'czosnek', 'PIECE', 111);
INSERT INTO javathehutt.products_recipe (product_id, amount, product_name, unit, recipe_id) VALUES (116, 300, 'ser żółty', 'GRAM', 111);
INSERT INTO javathehutt.products_recipe (product_id, amount, product_name, unit, recipe_id) VALUES (117, 5, 'jajko', 'PIECE', 111);
INSERT INTO javathehutt.products_recipe (product_id, amount, product_name, unit, recipe_id) VALUES (118, 150, 'kasza manna', 'GRAM', 111);
INSERT INTO javathehutt.products_recipe (product_id, amount, product_name, unit, recipe_id) VALUES (119, 100, 'bułka tarta', 'GRAM', 111);
INSERT INTO javathehutt.products_recipe (product_id, amount, product_name, unit, recipe_id) VALUES (120, 15, 'majeranek', 'MILIGRAM', 111);
INSERT INTO javathehutt.products_recipe (product_id, amount, product_name, unit, recipe_id) VALUES (121, 15, 'ostra papryka', 'MILIGRAM', 111);
INSERT INTO javathehutt.products_recipe (product_id, amount, product_name, unit, recipe_id) VALUES (122, 15, 'sól', 'MILIGRAM', 111);
INSERT INTO javathehutt.products_recipe (product_id, amount, product_name, unit, recipe_id) VALUES (124, 200, 'biszkopty', 'GRAM', 123);
INSERT INTO javathehutt.products_recipe (product_id, amount, product_name, unit, recipe_id) VALUES (125, 50, 'kawa rozpuszczalna', 'GRAM', 123);
INSERT INTO javathehutt.products_recipe (product_id, amount, product_name, unit, recipe_id) VALUES (126, 400, 'maliny', 'GRAM', 123);
INSERT INTO javathehutt.products_recipe (product_id, amount, product_name, unit, recipe_id) VALUES (127, 50, 'cukier', 'GRAM', 123);
INSERT INTO javathehutt.products_recipe (product_id, amount, product_name, unit, recipe_id) VALUES (128, 15, 'mąka ziemniaczana', 'GRAM', 123);
INSERT INTO javathehutt.products_recipe (product_id, amount, product_name, unit, recipe_id) VALUES (129, 50, 'kakao', 'GRAM', 123);
INSERT INTO javathehutt.products_recipe (product_id, amount, product_name, unit, recipe_id) VALUES (130, 330, 'śmietana 30%', 'MILILITR', 123);
INSERT INTO javathehutt.products_recipe (product_id, amount, product_name, unit, recipe_id) VALUES (131, 250, 'mascarpone', 'GRAM', 123);
